sequence,KD (M),KD (nM),-log(KD (M)),label,random,set,HCDR3 Edit Distance to Trastuzumab,Minimum HCDR3 Edit Distance to SAbDab,Minimum HCDR3 Edit Distance to OAS,Minimum HCDR123 Edit Distance to OAS
ARDGHYFTYDY,4.512E-10,45.12,7.35,_weak,7296,validation,8,4,2,5
ASYAGYSPFDY,2.0151E-10,201.51,6.7,_weak,8916,validation,9,2,1,4
AASADFMYGVIR,3.962E-10,39.62,7.4,_weak,9579,validation,11,7,4,8
ASYYAPGSYGFDP,1.3502E-10,135.02,6.87,_weak,8529,validation,10,6,2,6
ARYGYGYYYMDY,1.222E-10,12.22,7.91,_weak,4016,validation,6,3,1,4
ARYRHWYYDYDY,6.15E-10,6.15,8.21,best,1012,validation,9,5,2,6
TRYRGPYYYYFDP,1.207E-10,12.07,7.92,_weak,9585,validation,9,5,3,7
ARSYYGAYYFDY,2.0183E-10,201.83,6.7,_weak,3850,validation,8,3,0,4
ARMSYYFYYMDY,4.888E-10,48.88,7.31,_weak,7428,validation,7,3,2,6
TRYGYGYYYFDY,2.73E-10,2.73,8.56,best,6106,validation,7,3,1,4
ARWPGGYYHMDY,8.49E-10,8.49,8.07,best,3068,validation,5,3,1,4
ARYIFGGPYYFDY,3.604E-10,36.04,7.44,_weak,1063,validation,8,4,1,5
ARYVGLGGYPLGY,1.321E-10,13.21,7.88,_weak,5894,validation,8,6,2,7
ARYYGGLYYFDY,3.438E-10,34.38,7.46,_weak,4349,validation,7,3,0,4
ARYDIGYYDMDK,2.697E-10,26.97,7.57,_weak,7927,validation,8,4,2,6
ARGYFGGYYFAY,1.3044E-10,130.44,6.88,_weak,9447,validation,8,3,1,5
ARWYVSYDYDV,1.76E-10,17.6,7.75,_weak,6909,validation,9,4,2,6
ARYTYFGSFDFDY,1.576E-10,15.76,7.8,_weak,4545,validation,9,4,2,5
TRYGSFHYYYFDV,8.73E-10,8.73,8.06,best,698,validation,9,4,2,6
ARYPEDFYYFDV,4.024E-10,40.24,7.4,_weak,1572,validation,8,5,2,6
SRYYDYNYYFMDY,1.4143E-10,141.43,6.85,_weak,9392,validation,7,5,2,6
ARWGSGYYYMDY,4.46E-10,4.46,8.35,best,6673,validation,5,3,1,4
ARYYGYGGYYMDY,9.91E-10,9.91,8.0,best,1247,validation,6,3,1,5
TRYRGAHGYYFDY,3.547E-10,35.47,7.45,_weak,963,validation,8,4,1,6
ARSTDYWHASQY,1.789E-10,178.9,6.75,_weak,9160,validation,9,5,3,6
ASSGRLDLYDFRL,1.7052E-10,170.52,6.77,_weak,5390,validation,11,6,3,8
ARHFGVASYSFDY,1.392E-10,13.92,7.86,_weak,6183,validation,8,4,2,6
ARYSAYGLYDFAY,2.55E-10,25.5,7.59,_weak,7779,validation,9,4,2,6
ARYYYGYGGYYFDY,1.496E-10,14.96,7.82,_weak,3593,validation,8,2,1,4
ARWWGGGAYYFDY,1.49E-10,14.9,7.83,_weak,6761,validation,6,4,1,5
ARYPYGYYAMDY,7.813E-10,78.13,7.11,_weak,4921,validation,6,2,0,4
ARFGPAYFYGFYY,5.085E-10,50.85,7.29,_weak,3158,validation,8,5,3,7
ARYGLGYYYFDY,1.57E-10,15.7,7.8,_weak,3348,validation,7,3,1,4
ARWGGYGYYYMDV,8.78E-10,8.78,8.06,best,3888,validation,5,4,1,4
ARYPSVVYAFGI,2.227E-10,22.27,7.65,_weak,7717,validation,10,5,2,8
AVSADIMYGVSV,2.287E-10,22.87,7.64,_weak,2360,validation,11,6,3,8
ARGYSGDWPYETFYV,9.735E-10,97.35,7.01,_weak,4881,validation,10,6,4,8
ARYFYDHYYYFDV,2.972E-10,29.72,7.53,_weak,3807,validation,9,4,2,6
ARWYGYYYYFDV,1.124E-10,11.24,7.95,_weak,6142,validation,8,4,1,5
ARWEQASVGSFGY,2.2585E-10,225.85,6.65,_weak,1914,validation,10,5,3,8
ARYGYGYYVMDY,8.65E-10,8.65,8.06,best,1379,validation,6,3,1,4
ARYQAYDNSYGV,1.0166E-10,101.66,6.99,_weak,795,validation,11,6,3,7
TRYEYQDYYHFDY,1.846E-10,18.46,7.73,_weak,1682,validation,9,5,2,6
ATNAFGLWSYGF,5.28E-10,52.8,7.28,_weak,4022,validation,12,7,4,9
ARYGGGYNMDY,1.432E-10,14.32,7.84,_weak,1941,validation,5,3,1,4
ARNYVYWYGMTV,2.751E-10,27.51,7.56,_weak,6348,validation,10,4,3,7
ARNYYGAAYYFDY,5.6989E-10,569.89,6.24,_weak,2310,validation,9,4,1,5
ARWWYGGRNYFDI,1.1613E-10,116.13,6.94,_weak,9659,validation,9,5,3,7
AYTGAPHGGYHYYAY,4.944E-10,49.44,7.31,_weak,9160,validation,11,8,4,10
ARGYGVGASFVY,6.3E-10,630.0,6.2,_weak,2838,validation,9,3,2,5
ARYYGYGGYYFDY,8.05E-10,8.05,8.09,best,2095,validation,7,2,0,4
TRNGPLYWHWDL,2.3409E-10,234.09,6.63,_weak,2352,validation,10,6,3,8
ANVGSSLGIAALD,3.672E-10,36.72,7.44,_weak,1666,validation,10,7,4,8
ARYFGGSYAYGR,2.799E-10,27.99,7.55,_weak,5897,validation,8,6,3,7
STYARDYYHFGS,1.259E-10,12.59,7.9,_weak,1862,validation,10,7,2,8
ATYSFGAYYYVF,4.73E-10,4.73,8.33,best,6894,validation,11,7,3,7
AAWYSTYYFDY,4.94E-10,49.4,7.31,_weak,7086,validation,9,4,1,6
VRYGNSYYYDY,2.688E-10,26.88,7.57,_weak,9366,validation,8,4,1,5
ARWAGDYYVMDY,7.68E-10,7.68,8.11,best,1882,validation,5,3,1,4
ARYWGLGGYYFDH,1.648E-10,16.48,7.78,_weak,1683,validation,8,5,2,6
TRYGYGYYYMDY,5.25E-10,5.25,8.28,best,6903,validation,6,4,1,5
ARYGRDYYYFDV,1.0596E-10,105.96,6.97,_weak,3960,validation,8,4,1,5
AKYAYYGDFWGSV,1.747E-10,17.47,7.76,_weak,7570,validation,12,7,4,7
ARWGGYYYYFDV,1.3E-10,13.0,7.89,_weak,1230,validation,7,3,1,5
ARFLYGSYYFDY,1.3493E-10,134.93,6.87,_weak,4726,validation,8,2,0,5
ARYYYDFGYYFDY,4.275E-10,42.75,7.37,_weak,8024,validation,8,4,1,4
TRYYYGLYYFDY,3.02E-10,3.02,8.52,best,8237,validation,8,4,0,3
ARYPPGYYIMDF,2.353E-10,23.53,7.63,_weak,3889,validation,8,4,1,6
ARYGTIYFHFDY,2.389E-10,23.89,7.62,_weak,8887,validation,8,4,2,6
ARTGWGYDNISGYEY,1.46156E-10,1461.56,5.84,_weak,8159,validation,10,7,3,9
ARYGGYGNYWFDT,4.212E-10,42.12,7.38,_weak,2338,validation,7,4,2,6
ARYVTANTYSYDP,8.355E-10,83.55,7.08,_weak,7788,validation,10,6,4,8
ARYSYGAFYYSI,7.039E-10,70.39,7.15,_weak,6179,validation,10,5,3,7
ARNYYYGAYYFDY,4.551E-10,45.51,7.34,_weak,5132,validation,8,3,1,4
ARYGGLSYYSFDL,5.81E-10,58.1,7.24,_weak,6339,validation,8,5,2,6
VRSGYDYYSWFAY,4.6534E-10,465.34,6.33,_weak,8436,validation,9,4,2,6
VRYPEVYGYYFDY,3.628E-10,36.28,7.44,_weak,8590,validation,9,4,2,4
TRYLHDYYYYFDY,2.27E-10,22.7,7.64,_weak,1401,validation,8,5,2,6
ARWEGYGSYEFAY,4.245E-10,42.45,7.37,_weak,8267,validation,7,5,2,6
APWGTYRYGYFDH,6.76E-10,67.6,7.17,_weak,5457,validation,10,5,3,7
ARYYGWYYYFDY,3.2269E-10,322.69,6.49,_weak,7269,validation,8,3,1,5
ARHGSYYYDFDF,5.664E-10,56.64,7.25,_weak,8381,validation,9,4,1,6
ARDGGMYRYGLYG,2.313E-10,231.3,6.64,_weak,4203,validation,9,6,2,7
ARWGNYYYYMDY,1.69E-10,1.69,8.77,best,6817,validation,6,2,1,4
APWWSGWYYFFDT,3.3E-10,33.0,7.48,_weak,7372,validation,10,5,3,8
ARWARGAGYYWDY,8.959E-10,89.59,7.05,_weak,822,validation,7,4,2,6
ARYGARSGYAYEY,4.51E-10,45.1,7.35,_weak,3656,train,8,5,3,6
ASYMGIVGYYPG,6.23E-10,62.3,7.21,_weak,5206,train,10,6,3,8
ARWEDYYYMDY,2.182E-10,21.82,7.66,_weak,7563,train,6,3,1,4
ARYFYDYYYYFDF,7.11E-10,7.11,8.15,best,2247,train,9,5,2,6
ARWGGNYYYMDY,4.22E-10,4.22,8.37,best,9994,train,5,3,1,4
ARWGGFGYYYFDY,3.1E-10,31.0,7.51,_weak,6463,train,5,3,1,5
ARYGVYPFYYFDY,2.7E-10,27.0,7.57,_weak,4344,train,7,4,1,5
TRYYDGYYAMDY,3.31E-10,33.1,7.48,_weak,531,train,5,2,0,5
SRYYAGGWYYFDY,1.175E-10,11.75,7.93,_weak,6373,train,7,5,2,6
ARFGGYYYYFDY,2.354E-10,23.54,7.63,_weak,3080,train,7,3,0,4
ARYHYSGYFMDS,1.1272E-10,112.72,6.95,_weak,2980,train,8,4,2,6
ARWGYGYYYSFDY,3.795E-10,37.95,7.42,_weak,4783,train,7,3,1,5
AKYAFGGWSYSP,3.77E-10,37.7,7.42,_weak,2585,train,12,6,3,9
ARYLTDADFRLHY,7.507E-10,75.07,7.12,_weak,3700,train,10,6,4,8
ARSGGHGVNGHWRSF,4.98E-10,49.8,7.3,_weak,2282,train,11,8,5,9
AIYSDGAYFYGR,1.058E-10,10.58,7.98,_weak,3021,train,10,6,4,7
ARWGYDYYYYFDV,2.67E-10,26.7,7.57,_weak,5693,train,7,4,1,5
ARYDYYGYYYFDY,9.895E-10,98.95,7.0,_weak,1011,train,8,2,1,4
ARFSGYGAYDYAY,1.2499E-10,124.99,6.9,_weak,5277,train,8,5,2,7
ARAGGTSISLGHG,6.7E-10,67.0,7.17,_weak,310,train,10,7,3,8
ARYGLYGSYYFRY,7.18E-10,71.8,7.14,_weak,1098,train,8,4,2,6
ARWGYGYSYYFDV,2.11E-10,21.1,7.68,_weak,5612,train,8,4,1,5
TSIFSGGYYGLDS,8.57E-10,8.57,8.07,best,9709,train,9,6,3,8
ARWQGGYYYWDF,1.38E-10,13.8,7.86,_weak,7717,train,7,5,2,6
ARYPDYYYAMDY,1.1726E-10,117.26,6.93,_weak,1732,train,6,2,0,4
ARYGSRYYYYFDY,1.57E-10,15.7,7.8,_weak,9301,train,8,4,1,5
ARYGSGYYGLDY,5.148E-10,51.48,7.29,_weak,281,train,7,4,1,5
ARWGSEAFYWFDY,3.284E-10,32.84,7.48,_weak,8912,train,6,5,2,6
ARYGRNGSYSYDY,3.82E-10,38.2,7.42,_weak,2992,train,7,5,2,6
ALLYGYYPSGVG,2.6202E-10,262.02,6.58,_weak,7551,train,12,6,3,8
ARYGAYSSYYFGY,2.797E-10,27.97,7.55,_weak,8664,train,9,5,1,6
ATYGYGYYYFDY,1.549E-10,15.49,7.81,_weak,6573,train,8,3,1,4
AGSVAEGWYHYRD,6.03E-10,60.3,7.22,_weak,8386,train,11,7,4,9
ARWGSIGYYAFDH,2.05E-10,20.5,7.69,_weak,3862,train,6,5,2,6
AGYWYGSYSFDY,3.536E-10,35.36,7.45,_weak,240,train,9,4,2,5
AVYSPDFYYLGY,2.06E-10,2.06,8.69,best,5055,train,9,6,3,7
AANAAIFAAWGA,4.307E-10,43.07,7.37,_weak,7230,train,11,6,4,9
ARYGVYGYAMDY,5.332E-10,53.32,7.27,_weak,3380,train,5,2,1,4
ARWYGLGSYGLTY,2.2267E-10,222.67,6.65,_weak,464,train,7,5,2,7
VRYGFYGYYYFDY,1.65E-10,16.5,7.78,_weak,2487,train,7,4,2,5
ARYGGFYYYFDY,6.17E-10,6.17,8.21,best,1799,train,7,3,1,5
ARYDPYGFYHLDY,2.424E-10,24.24,7.62,_weak,5484,train,7,5,2,5
ATSGSVDRYDYVY,1.5468E-10,154.68,6.81,_weak,6157,train,10,6,3,8
ARYYSDYSYTFSY,1.1219E-10,112.19,6.95,_weak,7707,train,9,5,3,6
ARDGYPQYGGYGY,1.2677E-10,126.77,6.9,_weak,6464,train,10,5,2,7
ALYKRYDYAFGY,8.663E-10,86.63,7.06,_weak,1693,train,10,5,2,6
AKYGGVGYYAMDY,2.52E-10,25.2,7.6,_weak,7165,train,5,4,1,5
ARYGDGTYYFFAH,9.73E-10,97.3,7.01,_weak,6071,train,9,6,2,6
ARYYGYGYYYFHY,2.018E-10,20.18,7.7,_weak,2234,train,8,4,2,5
ARWPPYYWWAFDY,6.558E-10,65.58,7.18,_weak,1527,train,8,5,2,6
ANDIYIQGYDLNR,3.99E-10,3.99,8.4,best,4088,train,12,8,4,9
ARWYGYGGYYFDY,7.43E-10,7.43,8.13,best,7419,train,6,3,0,4
ATGLSPSGSNGPY,4.4426E-10,444.26,6.35,_weak,1099,train,12,7,3,8
ARYYVGYYAMDY,7.157E-10,71.57,7.15,_weak,6805,train,6,2,0,4
ARYGYGYYYYFDY,3.91E-10,39.1,7.41,_weak,6003,train,8,3,1,5
ARGYWWLYGFAY,1.7168E-10,171.68,6.77,_weak,1806,train,9,4,2,5
ARWYGGYYHHDY,8.57E-10,8.57,8.07,best,2901,train,6,4,2,5
AVEGGTRALEP,3.2559E-10,325.59,6.49,_weak,7221,train,10,6,3,7
ARYGGYGYYWFDY,4E-10,40.0,7.4,_weak,5769,train,6,3,1,5
ARSGEGYYAFDY,2.1041E-10,210.41,6.68,_weak,923,train,6,2,1,5
TRYGLTFDMDY,1.39E-10,13.9,7.86,_weak,3973,train,7,4,2,6
ARYWMGVYEFDY,2.167E-10,21.67,7.66,_weak,7774,train,8,4,2,5
ARYRGGYGGYVFDP,1.1982E-10,119.82,6.92,_weak,4731,train,8,5,2,6
ARYGYYGYYMDY,2.33E-10,23.3,7.63,_weak,6640,train,6,3,1,4
AKYVASGYSLA,1.0895E-10,108.95,6.96,_weak,605,train,11,5,3,7
ARWYYGYYYYFDV,7.04E-10,7.04,8.15,best,6502,train,9,3,1,5
ARYYGYYYYMDY,7.43E-10,74.3,7.13,_weak,1905,train,7,3,1,4
VRGYGYNFYYHGFSY,1.465E-10,146.5,6.83,_weak,9690,train,10,7,4,8
AQSGSYFYPFSY,8.32E-10,83.2,7.08,_weak,7028,train,9,5,2,6
ARYPGYYYYFDY,1.786E-10,17.86,7.75,_weak,7051,train,8,3,1,5
ARGGYYGYWYYFDY,5.123E-10,51.23,7.29,_weak,343,train,8,3,1,5
ARYNPFDGFYFDV,1.555E-10,155.5,6.81,_weak,1747,train,8,5,2,6
ARDSPYYGSLYLY,2.0507E-10,205.07,6.69,_weak,2292,train,11,5,2,6
ARWSYGYYNFDY,1.98E-10,1.98,8.7,best,2518,train,7,3,1,5
VRYGGDYYYFDY,2.187E-10,21.87,7.66,_weak,9726,train,6,4,1,5
TRNYYDYYYYFDY,7.54E-10,7.54,8.12,best,1715,train,8,5,1,5
ARWVSGARYYMDV,3.38E-10,33.8,7.47,_weak,7234,train,8,5,2,7
ARWLAYWYAMDY,3.55E-10,3.55,8.45,best,2290,train,6,3,1,5
ALWGFGWYYFDY,5.31E-10,5.31,8.28,best,3321,train,7,4,1,6
ARYAGVERPGSFAY,5.7418E-10,574.18,6.24,_weak,9186,train,11,6,3,7
VRYGFDGSYYFDP,1.316E-10,13.16,7.88,_weak,5302,train,7,5,3,7
ARWPFYGPYNYDY,2.64E-10,2.64,8.58,best,277,train,7,5,3,6
ARYGTGNYAMDY,2.63E-10,26.3,7.58,_weak,3805,train,5,3,0,4
ARYYDDTIYSFY,2.985E-10,29.85,7.53,_weak,2934,train,9,5,3,7
ARYGSYFYYMDY,6.53E-10,6.53,8.19,best,1799,train,6,2,1,4
VRYGGWGFWYFDY,6.76E-10,6.76,8.17,best,8138,train,6,5,2,6
ARSHYGYYDYYTDF,1.155E-10,115.5,6.94,_weak,8334,train,10,5,3,7
AINLRGYWMDN,4.15E-10,41.5,7.38,_weak,1008,train,9,4,3,7
TRWRWGYGYYFDF,7.814E-10,78.14,7.11,_weak,7985,train,8,5,2,7
AKYGISDYGFDH,2.0746E-10,207.46,6.68,_weak,3446,train,10,5,2,7
ARYGLGYYYMDY,1.049E-10,10.49,7.98,_weak,335,train,6,3,1,5
ALYGNYSYGFAR,1.26E-10,12.6,7.9,_weak,7302,train,11,5,3,6
ARWYYYGRYYFDY,1.1E-10,11.0,7.96,_weak,781,train,7,3,1,4
TRYFFNGWYYFDV,9.4E-11,0.94,9.03,best,8398,train,9,5,3,7
AQNWDRGSYFYTY,4.305E-10,43.05,7.37,_weak,4422,train,10,6,3,7
ARYRGVWYYDFDN,1.45E-10,14.5,7.84,_weak,6644,train,9,5,2,7
VKHGIDYYWYGD,6.014E-10,60.14,7.22,_weak,5963,train,10,6,4,8
ARHHYSGYFHDV,1.4786E-10,147.86,6.83,_weak,8162,train,9,4,2,6
ATGYSYLRYYD,2.73E-10,273.0,6.56,_weak,303,train,11,5,3,7
ARSEWFWGSFAY,1.14E-10,114.0,6.94,_weak,8168,train,10,4,2,6
ARYLEYTYAWDY,2.1828E-10,218.28,6.66,_weak,9118,train,8,3,2,5
ASYGLDGYYYFDV,1.929E-10,19.29,7.71,_weak,5389,train,8,5,1,6
ARWLGEGYYNFDY,3.42E-10,3.42,8.47,best,1860,train,6,3,1,6
AKYTRGFSYGFGY,3.782E-10,37.82,7.42,_weak,349,train,10,6,2,7
ARWGGYYYYFDY,1.28E-10,12.8,7.89,_weak,852,train,6,3,0,4
AGSSASGWYHYTT,4.225E-10,42.25,7.37,_weak,9560,train,11,8,3,8
ARSNNWYSYSFQF,2.78E-10,278.0,6.56,_weak,7446,train,11,6,3,8
VRWRSDFYYFDY,4.95E-10,4.95,8.31,best,7313,train,6,4,2,5
ATYSPGAYYYGP,1.725E-10,17.25,7.76,_weak,8911,train,11,7,3,8
ARDYDFGLSVGAV,3.576E-10,357.6,6.45,_weak,2788,train,11,6,3,7
ARYGGLGGYTLAY,4.287E-10,42.87,7.37,_weak,1518,train,7,5,2,7
ARYGYAPGFYYMDV,9.72E-10,9.72,8.01,best,9217,train,7,6,2,7
ARYGLYYYYFDY,1.551E-10,15.51,7.81,_weak,3476,train,8,3,1,5
ARTTSSIPSSFDY,1.4877E-10,148.77,6.83,_weak,3951,train,10,5,2,7
ARGGYGYYTWFDY,4.213E-10,42.13,7.38,_weak,9699,train,7,3,1,5
AAYWYGVYVFRY,1.1285E-10,112.85,6.95,_weak,1172,train,10,6,3,6
ARYGYDYYYYFDV,5E-10,50.0,7.3,_weak,8777,train,8,4,1,6
ARYGDGYYYYFAY,7.31E-10,7.31,8.14,best,2259,train,8,4,1,5
TRYFYDFPYMDY,5.681E-10,56.81,7.25,_weak,3650,train,7,5,2,7
ASYYDYYYAFGT,3.608E-10,36.08,7.44,_weak,7685,train,10,6,3,6
ARYGDAFIMSFGV,6.74E-10,67.4,7.17,_weak,4159,train,10,7,4,8
ARWRGDGGYYFDY,1.31E-10,13.1,7.88,_weak,7588,train,5,3,0,5
ARYPSGYYYYFDY,9.013E-10,90.13,7.05,_weak,5577,train,9,3,1,5
ARGYYYYQWYYY,3.357E-10,33.57,7.47,_weak,4713,train,10,5,2,7
ARFGNSGYQFDY,1.05E-10,10.5,7.98,_weak,8456,train,7,4,1,4
ARWRYGGAYQFAL,2.3051E-10,230.51,6.64,_weak,2520,train,9,5,3,7
ARENDGSPGSFEY,2.314E-10,23.14,7.64,_weak,5275,train,10,5,2,7
ARYGYDGYYFAY,2.22E-10,22.2,7.65,_weak,432,train,7,4,1,4
AADGYRGTYSF,7.919E-10,79.19,7.1,_weak,2709,train,10,6,2,7
ATGPYTVYSYPY,1.1972E-10,119.72,6.92,_weak,5742,train,10,6,3,7
VRWGVGAYYNFDY,1.21E-10,12.1,7.92,_weak,6668,train,7,5,2,6
ARYEAYGLYPFGY,3.39E-10,3.39,8.47,best,8815,train,9,5,2,6
ARWGSYGYYYFDY,3.09E-10,30.9,7.51,_weak,2110,train,6,3,1,5
ARYYSYGQYAFDP,1.942E-10,19.42,7.71,_weak,47,train,8,5,2,6
ARYLSYSYAWDY,5.478E-10,54.78,7.26,_weak,3244,train,8,3,2,5
VRYYRGYYYFDY,9.644E-10,96.44,7.02,_weak,5007,train,8,4,2,5
ARWGYGGYYYFDY,1.91E-10,19.1,7.72,_weak,963,train,6,3,0,4
ARYGSGYYYYFDY,1.57E-10,15.7,7.8,_weak,2483,train,8,3,0,4
ARWLRGLGYYWDY,4.011E-10,40.11,7.4,_weak,1733,train,7,5,2,5
TRNSFGFYAMDY,1.9E-10,19.0,7.72,_weak,8492,train,5,4,2,5
ARYHFSGYFMDA,1.0301E-10,103.01,6.99,_weak,3281,train,8,5,2,6
ARYRGYVLYDFAY,2.307E-10,23.07,7.64,_weak,4060,train,9,4,2,6
ARWLAGYNYYFDV,1.574E-10,15.74,7.8,_weak,2581,train,9,5,2,6
ARYLQLGPYYFDY,1.47E-10,14.7,7.83,_weak,575,train,8,4,0,5
ARWGDGYYYMDY,5.57E-10,5.57,8.25,best,9218,train,4,3,1,4
VRYFYDGNYYFDL,2.293E-10,22.93,7.64,_weak,1649,train,8,5,3,6
AAYGPQGYAFAV,3.382E-10,33.82,7.47,_weak,9630,train,9,6,3,7
ARYPNYGFYMFDY,3.331E-10,33.31,7.48,_weak,9463,train,7,5,2,5
ARWGTYTYGYFDY,8.813E-10,88.13,7.05,_weak,5049,train,8,4,1,5
ARYGGGYYYMDY,1.33E-10,13.3,7.88,_weak,5821,train,5,3,1,4
ARLGASHGYLYDD,3.2757E-10,327.57,6.48,_weak,5886,train,9,6,2,7
ARNSGTGIWAFAY,6.5E-10,65.0,7.19,_weak,4049,train,8,5,2,6
AATYGGLGDMSSI,2.7E-10,27.0,7.57,_weak,3195,train,11,6,4,8
ARASWYWYGGDK,3.778E-10,37.78,7.42,_weak,6999,train,10,5,3,7
TRYGSYYYYFDY,3.18E-10,3.18,8.5,best,453,train,8,3,1,5
ASGDLTAGSSQT,2.194E-10,219.4,6.66,_weak,998,train,12,6,3,8
ARYGGGYYYYDY,9.11E-10,9.11,8.04,best,3102,train,6,4,1,5
ARFGGAGGYYFDY,3.504E-10,35.04,7.46,_weak,7643,train,6,3,1,5
ATSGTASWQHYGV,3.2195E-10,321.95,6.49,_weak,5623,train,12,8,4,8
ASVDLGGFYDFRY,4.61E-10,46.1,7.34,_weak,3238,train,8,6,3,8
ARYGWGYYYFDY,1.465E-10,14.65,7.83,_weak,508,train,7,3,1,5
ARYGYYGPYYFDY,1.43E-10,14.3,7.84,_weak,2092,train,7,3,0,4
ARYGGGGRYYFDY,1.96E-10,19.6,7.71,_weak,2897,train,6,3,1,5
ARYWYGSYVFDY,7.832E-10,78.32,7.11,_weak,3450,train,8,4,1,5
VRYGYGYYYFDY,2.77E-10,2.77,8.56,best,6720,train,7,3,1,4
TRTRSGAYFFDY,4.34E-10,43.4,7.36,_weak,3470,train,8,4,2,6
AKYGATGWYYFDY,1.412E-10,14.12,7.85,_weak,8760,train,8,5,1,6
ARYGTGTYYYFLH,4.225E-10,42.25,7.37,_weak,3632,train,10,6,2,7
ARYGGGYWYFDY,2.34E-10,23.4,7.63,_weak,7484,train,7,3,1,5
ARWQGRSGYYMDY,4.833E-10,48.33,7.32,_weak,453,train,6,4,2,6
ARGYAYYVAGREY,4.96E-10,496.0,6.3,_weak,3294,train,10,6,3,7
TRYYYYGSYHFDY,6.82E-10,6.82,8.17,best,5311,train,8,4,1,5
ATWYGGNYHMYP,1.116E-10,11.16,7.95,_weak,2723,train,8,5,3,7
ARYGGGFYAMDY,2.236E-10,22.36,7.65,_weak,5053,train,3,2,0,3
VRYGYGDYYYFDY,2.508E-10,25.08,7.6,_weak,1887,train,7,3,2,5
TRWGGYYYFDY,9.79E-10,9.79,8.01,best,5990,train,6,3,0,4
ARYGSYNYYFGD,1.357E-10,13.57,7.87,_weak,3001,train,9,5,2,6
SRWYGDYFAMDY,5.178E-10,51.78,7.29,_weak,7635,train,3,3,2,3
ARYTFGAYYYSD,1.094E-10,10.94,7.96,_weak,4345,train,10,6,3,7
VRWGGYYYYFDY,6.35E-10,6.35,8.2,best,4774,train,6,3,1,5
ARWTERGFYSFDI,9.28E-10,9.28,8.03,best,9745,train,7,5,3,7
ATWHYGGYFMSG,2.245E-10,22.45,7.65,_weak,6188,train,9,6,3,7
TRYGYGGPYWFDY,1.434E-10,14.34,7.84,_weak,860,train,7,4,2,5
ARYLSYSYAWNY,2.892E-10,28.92,7.54,_weak,615,train,9,4,2,6
ARTTISSSSYTG,2.48E-10,248.0,6.61,_weak,2978,train,12,6,3,8
SYPDFGYYVYFAY,3.676E-10,36.76,7.43,_weak,7708,train,10,5,3,7
ARWRDYYYYFDY,3.38E-10,33.8,7.47,_weak,8806,train,7,3,0,5
APYGPGYWYGV,9.15E-10,9.15,8.04,best,2489,train,10,5,3,7
ARWSSGYYYMDY,1.2E-10,12.0,7.92,_weak,1268,train,6,3,1,4
ARWGYYGNYYFDY,1.34E-10,13.4,7.87,_weak,9247,train,6,3,0,4
ARHYDYGRYYMDV,3.094E-10,30.94,7.51,_weak,5079,train,8,4,2,6
AKYGDDNYGFSH,1.543E-10,15.43,7.81,_weak,2581,train,10,6,3,7
AKFAYYGPYHFDP,1.012E-10,10.12,7.99,_weak,5290,train,10,5,3,7
ARYGGYGGYYFDY,1.4E-10,14.0,7.85,_weak,3624,train,6,3,0,4
ARWGEFGPYYFDY,9.24E-10,9.24,8.03,best,1860,train,6,3,1,5
ARYGLNHYYVYPY,1.3531E-10,135.31,6.87,_weak,6888,train,9,6,3,7
AVTDLDGLHSYRY,2.33E-10,23.3,7.63,_weak,7843,train,10,7,4,8
ARYYYGFYYFDY,1.21E-10,1.21,8.92,best,7113,train,7,3,0,3
ARYFGGSYAYVY,1.12E-10,11.2,7.95,_weak,5809,train,7,5,2,6
AKYVLVGSYGV,5.015E-10,50.15,7.3,_weak,374,train,11,6,3,7
ARYMRPAFYPFLY,5.086E-10,50.86,7.29,_weak,8721,train,9,6,3,8
ATGSGGGGFSYGY,1.819E-10,181.9,6.74,_weak,3943,train,9,7,2,7
SRYGRGVYYYFDY,7.966E-10,79.66,7.1,_weak,3988,train,7,5,2,7
ATWPHINTRIYAFDP,1.173E-10,117.3,6.93,_weak,2306,train,11,8,5,9
ARWGYDYYYAMDY,1.94E-10,19.4,7.71,_weak,6879,train,4,3,0,4
ARYGGGYYYYFDV,3.14E-10,31.4,7.5,_weak,8760,train,8,4,1,5
VRFYYDYYFDY,2.69E-10,26.9,7.57,_weak,1295,train,8,3,0,5
AFPWAGHYMER,9.498E-10,94.98,7.02,_weak,8567,train,10,6,4,8
ALYNYYYYAFGF,2.056E-10,20.56,7.69,_weak,9141,train,11,6,3,7
ARDGYPFYSGMDY,1.5352E-10,153.52,6.81,_weak,6569,train,7,3,2,5
AVYGPYGGFSYDS,7.07E-10,70.7,7.15,_weak,7461,train,10,6,4,7
TRYYGDGYYDFDY,2.924E-10,29.24,7.53,_weak,4965,train,6,4,1,5
ARGYYYYFYYNY,3.031E-10,30.31,7.52,_weak,7720,train,9,5,2,6
VTYGTTYYHFGS,2.408E-10,24.08,7.62,_weak,7409,train,11,6,3,8
VRYGGGYYYFDV,3.96E-10,3.96,8.4,best,3240,train,7,4,2,6
ARLAFDSVSFYSDY,1.8677E-10,186.77,6.73,_weak,2456,train,9,6,3,7
TRTTLGFYAMDY,3.23E-10,32.3,7.49,_weak,8017,train,5,4,2,5
AIWSMYDVGYYPF,7.177E-10,71.77,7.14,_weak,4037,train,11,7,4,8
ARYAHYGPYYFDF,1.98E-10,19.8,7.7,_weak,1051,train,9,5,2,6
ARYSGYGLYPYAY,1.741E-10,17.41,7.76,_weak,1811,train,8,5,2,6
ARLYYSSFNGM,3.39E-10,339.0,6.47,_weak,57,train,10,6,3,6
ARWGGDFYAMDY,9.49E-10,9.49,8.02,best,4574,train,2,1,0,2
ARWGYGYYYFDY,2.52E-10,25.2,7.6,_weak,2757,train,6,2,0,4
ARYGYGAYYYFDY,5.401E-10,54.01,7.27,_weak,4179,train,8,3,1,5
ARWGYYYYYMDY,2.28E-10,2.28,8.64,best,2886,train,6,3,1,5
ARYGAYFYAMDA,1.861E-10,18.61,7.73,_weak,2232,train,6,3,2,5
ATYGRDYYHFAS,7.55E-10,7.55,8.12,best,6376,train,10,6,2,7
ARFPVSSYAYGF,3.62E-10,36.2,7.44,_weak,8214,train,10,6,3,7
ARSYFRFTGDFFY,1.3537E-10,135.37,6.87,_weak,9371,train,11,6,3,7
AKYLGQEAYAYFS,1.49E-10,14.9,7.83,_weak,7877,train,10,7,4,9
ARWYGAYYHMDY,5.59E-10,5.59,8.25,best,9748,train,6,4,2,5
AWASGYGGYGMDY,3.6848E-10,368.48,6.43,_weak,3889,train,7,5,3,6
ARYADYQFHFDN,3.959E-10,39.59,7.4,_weak,3276,train,10,5,2,7
ARYLSDSYAWDY,4.3396E-10,433.96,6.36,_weak,5817,train,7,4,2,5
ARYLSYSYAWDN,4.261E-10,42.61,7.37,_weak,6003,train,9,4,3,6
ARYYYYSYAMDY,6.9E-10,6.9,8.16,best,8865,train,7,3,0,4
VRYGSDVYYYFDI,1.987E-10,19.87,7.7,_weak,5837,train,8,5,3,7
ARWGGPGYYAFVW,8.08E-10,8.08,8.09,best,4807,train,6,5,3,6
VRYGYGYYAMDY,1.071E-10,10.71,7.97,_weak,2905,train,5,3,0,4
SRWGGDGFYAMDY,1.94E-10,1.94,8.71,best,2249,train,0,0,0,0
ARYYYSGYYMSV,8.523E-10,85.23,7.07,_weak,8796,train,9,4,2,6
ARWGGYYYYMDY,3.62E-10,3.62,8.44,best,9254,train,5,3,1,4
ARSGYPGYGSFAY,6.072E-10,60.72,7.22,_weak,66,train,9,4,2,5
VRYGGTYYYFDY,1.54E-10,15.4,7.81,_weak,6837,train,7,4,1,6
ARWYYYGGYYFDV,1.249E-10,12.49,7.9,_weak,9961,train,8,3,1,5
ARWSWPGYEFEF,1.77E-10,177.0,6.75,_weak,8859,train,9,5,3,7
TRYYGGYGYYFDY,4.157E-10,41.57,7.38,_weak,5281,train,7,4,2,4
ARWLGSGYYWFDY,1.09E-10,10.9,7.96,_weak,6467,train,6,4,1,6
ARNYYDLYYYFDY,8.41E-10,8.41,8.08,best,300,train,8,4,1,5
AKFERGYYSFDFG,3.828E-10,38.28,7.42,_weak,3268,train,11,6,3,7
ARWGFSMYSFDY,7.5E-10,7.5,8.12,best,3962,train,7,4,2,6
ARGYYQDSQSWGY,1.655E-10,165.5,6.78,_weak,2587,train,11,6,3,7
ARYYGYYYAFDY,4.63E-10,46.3,7.33,_weak,2953,train,7,3,0,4
TLNGPLYWMWTL,1.1595E-10,115.95,6.94,_weak,7959,train,11,8,4,9
ARYDYGYYIYVS,9.49E-10,9.49,8.02,best,1097,train,10,5,2,5
ARYGPYYYYAMDY,4.125E-10,41.25,7.38,_weak,3755,train,6,2,1,4
ARASWNWYGGDY,9.291E-10,92.91,7.03,_weak,8774,train,9,5,2,6
ASYGSGSYFSFPL,5.393E-10,53.93,7.27,_weak,370,train,11,6,2,7
ARWGYYYYAMDY,2.258E-10,22.58,7.65,_weak,8364,train,5,2,0,4
AYMGSHTIYSFEH,3.01E-10,301.0,6.52,_weak,8888,train,11,6,4,8
AKYGRSDYGFEH,1.33E-10,133.0,6.88,_weak,242,train,11,6,2,7
VRYGYGYYYMDY,5.48E-10,5.48,8.26,best,7776,train,6,4,1,5
ARYGDSYYYYFDY,4.06E-10,40.6,7.39,_weak,7770,train,8,3,1,5
ARYPGGGIYDFDP,3.991E-10,39.91,7.4,_weak,3869,train,8,5,3,7
AGYEGYGLYPFAY,1.281E-10,128.1,6.89,_weak,1301,train,9,5,2,6
ARWYYYGGYYFDY,8.29E-10,8.29,8.08,best,9179,train,7,3,0,4
ARYGGYYYYMDY,1.63E-10,16.3,7.79,_weak,1767,train,6,3,1,4
ARWYYDYYYMDY,1.388E-10,13.88,7.86,_weak,1385,train,6,3,1,5
ATGYGYLLYSDHD,1.7122E-10,171.22,6.77,_weak,8632,train,11,7,4,8
ATYSTYYNYAFGI,2.26E-10,22.6,7.65,_weak,9282,train,11,6,3,8
TRYGAPYFYFDY,1.797E-10,17.97,7.75,_weak,2676,train,7,3,1,6
ARWYGGYYMYDY,1.906E-10,19.06,7.72,_weak,2993,train,6,4,2,5
ARSYAFLYGRMDY,1.885E-10,188.5,6.72,_weak,8245,train,9,5,2,6
ARDVYVGSPVFDY,2.7782E-10,277.82,6.56,_weak,3304,train,9,4,2,6
ARGYYHYYHYQY,9.507E-10,95.07,7.02,_weak,752,train,9,5,3,7
ARNYYGSYYFDY,1.1989E-10,119.89,6.92,_weak,9793,train,8,3,0,3
TRRDFGYYMAY,5.4694E-10,546.94,6.26,_weak,8489,train,8,5,2,6
VRYGYDYYWFDY,1.042E-10,10.42,7.98,_weak,9160,train,7,4,1,5
ARPSYDVGGDMLF,8.325E-10,83.25,7.08,_weak,9733,train,10,6,3,7
ARYGRGYYYFDY,2.68E-10,26.8,7.57,_weak,5977,train,7,3,0,5
ARYHYRTIGSFGY,3.67E-10,367.0,6.44,_weak,3858,train,11,6,3,7
ASDRYGSYSLVS,3.1428E-10,314.28,6.5,_weak,344,train,11,5,3,6
ARYGYYGYWFDY,5.939E-10,59.39,7.23,_weak,6598,train,7,3,1,4
ARYHNTGYFWGA,6.095E-10,60.95,7.22,_weak,8626,train,10,6,3,7
ARWLRALGYYMDY,1.585E-10,15.85,7.8,_weak,4552,train,7,4,2,5
ARYGTYGYAMDY,6.547E-10,65.47,7.18,_weak,5103,train,5,2,1,4
ARYGSSYYYYFDY,1.39E-10,13.9,7.86,_weak,4919,train,8,3,1,5
VRYYGDGGYYFDY,5.35E-10,5.35,8.27,best,2534,train,6,4,2,5
ARYSYYRYYFE,7.461E-10,74.61,7.13,_weak,3137,train,11,5,2,6
TRYASGYFYAFDY,9.14E-10,9.14,8.04,best,6898,train,7,4,2,6
ARWERYGYYVLDV,2.79E-10,27.9,7.55,_weak,9635,train,8,4,2,7
ARYYYDYYYYFDY,8.44E-10,8.44,8.07,best,6368,train,8,4,1,5
ARWGDYYYYMDY,2.36E-10,2.36,8.63,best,5332,train,5,3,1,4
TRFLIGSYYYDY,1.163E-10,11.63,7.93,_weak,6789,train,8,4,2,6
ARWYGGGYYYMDY,1.184E-10,11.84,7.93,_weak,1433,train,5,4,2,5
ARTVVGWYGRFDY,6.364E-10,63.64,7.2,_weak,4596,train,9,4,2,6
ARWFGGYYHMDY,8.52E-10,8.52,8.07,best,9236,train,5,3,1,4
ARWPGYGSYYMDV,4.83E-10,4.83,8.32,best,7289,train,6,5,2,5
ARYYYDYGYYFDV,3E-10,30.0,7.52,_weak,8426,train,9,3,1,5
TRYGGGYYYFDY,3.59E-10,3.59,8.45,best,4904,train,6,4,1,5
ARYGVVRYDFAY,2.047E-10,20.47,7.69,_weak,1753,train,9,4,2,6
AKYINAYSYAFFD,1.695E-10,16.95,7.77,_weak,5301,train,11,7,4,8
ARWDSGGPYYFDS,1.54E-10,15.4,7.81,_weak,6384,train,8,4,2,6
ARYGYGYFYMDY,2.19E-10,21.9,7.66,_weak,3110,train,6,3,2,5
ARYYDYGYTFDY,6.121E-10,61.21,7.21,_weak,4193,train,8,3,1,4
ARGHYSLGYSFDF,2.56E-10,256.0,6.59,_weak,4991,train,10,5,2,7
ATGYSYLRFYD,1.635E-10,163.5,6.79,_weak,5561,train,11,5,3,6
TRFRSFFYNFDY,5.4E-10,5.4,8.27,best,9677,train,8,5,2,7
TRWLEGLSYFMDY,2.4E-10,2.4,8.62,best,3887,train,7,5,3,7
ARWWTPANYPFLY,1.33E-10,133.0,6.88,_weak,922,train,9,6,3,8
ARWGYDYYYFAY,2.65E-10,26.5,7.58,_weak,4463,train,7,3,1,5
ARWFYDYYYMDY,1.26E-10,12.6,7.9,_weak,2011,train,6,3,1,5
ARFDLVGAFDY,1.5144E-10,151.44,6.82,_weak,331,train,8,4,1,5
ARYGYYLYAMDY,1.012E-10,10.12,7.99,_weak,7156,train,6,2,0,4
AAYTNTFYYLVY,1.984E-10,19.84,7.7,_weak,917,train,10,7,3,7
ARSYAYLYGSWDY,1.02E-10,102.0,6.99,_weak,9933,train,10,4,2,6
AKYGSNYYYLGS,1.874E-10,18.74,7.73,_weak,8698,train,11,6,3,7
ARYLSYSFAWDY,5.991E-10,59.91,7.22,_weak,4829,train,8,4,2,6
ARWLYYGYYFDY,2.804E-10,28.04,7.55,_weak,4266,train,7,3,1,4
ARFGSYYYYFDY,1.3E-10,13.0,7.89,_weak,7266,train,8,3,1,5
AKYSFGGYYYGD,1.913E-10,19.13,7.72,_weak,9032,train,10,6,3,7
ARYYGYGGYWYDT,8.19E-10,8.19,8.09,best,5041,train,8,4,2,6
ARWGYSGWYVMDY,6.93E-10,6.93,8.16,best,9658,train,5,4,2,4
ARYGDADFYAFDP,3.582E-10,35.82,7.45,_weak,9016,train,7,5,3,7
TRYGGYGYYYMDY,1.2E-10,12.0,7.92,_weak,7383,train,5,4,2,4
SIYGTDYYWFAD,5.039E-10,50.39,7.3,_weak,7159,train,9,6,3,7
ARYHYSGFFMDA,4.3314E-10,433.14,6.36,_weak,4995,train,8,5,2,7
TRYYDGAGPYYMDY,2.365E-10,23.65,7.63,_weak,679,train,7,6,3,7
AKFHWGEDWLSDN,5.91E-10,59.1,7.23,_weak,2444,train,11,7,4,8
AFADSGAYGIWSF,9.842E-10,98.42,7.01,_weak,9839,train,12,7,4,9
ARYGGAGYYLDY,3.239E-10,32.39,7.49,_weak,2626,train,6,3,1,5
ARYGYYSYAMDY,1.02E-10,10.2,7.99,_weak,8503,train,6,2,0,4
ARYYSYGGYYFDY,1.0585E-10,105.85,6.98,_weak,4358,train,8,3,0,3
ARYWYGGYYYFDY,1.966E-10,19.66,7.71,_weak,1981,train,7,3,1,5
AKYGTSNYGFSH,2.76E-10,27.6,7.56,_weak,7690,train,11,6,2,7
AQYGRGGYWYFDY,1.8846E-10,188.46,6.72,_weak,6446,train,9,5,2,6